ID,Task Type,Requirement,Service Type,Category,Implementation Status,Completion %,Importance (0-10),Technical Burden (0-10),Dev Sequence,Priority,Effort Level,Dependencies,Impact on Security,Current Status,Technical Debt,Notes

# Core Framework Setup (IDs: FR001-FR003)
1,Flask Backend,Backend,Framework,✅ Complete,100,10,3,1,Critical,Done,None,Medium,Production-Ready,Low,Basic framework implemented with modular structure
2,React + TypeScript Frontend,Frontend,Framework,✅ Complete,100,10,3,1,Critical,Done,None,Low,Production-Ready,Low,Modern React setup with TypeScript
3,Project Structure,Both,Architecture,✅ Complete,100,10,2,1,High,Done,None,Low,Production-Ready,Low,Clean separation of concerns

# Database & ORM
4,SQLite Support,Backend,Database,✅ Complete,100,8,2,2,High,Done,SQLAlchemy,Low,Production-Ready,Low,Default development database
5,PostgreSQL Support,Backend,Database,⏳ Partial,30,9,4,5,High,Medium,"SQLAlchemy, Docker",Low,Configuration Only,Medium,Driver installed but not fully tested
6,MySQL Support,Backend,Database,⏳ Partial,30,7,4,6,Medium,Medium,"SQLAlchemy, Docker",Low,Configuration Only,Medium,Driver installed but not fully tested
7,Database Migration System,Backend,Database,✅ Complete,100,9,3,2,High,Done,Alembic,Low,Production-Ready,Low,Alembic migrations configured

# Authentication & Security
8,Login System,Both,Authentication,✅ Complete,100,10,4,2,Critical,Done,"Flask-Login, JWT",Critical,Production-Ready,Low,Basic authentication implemented
9,Registration System,Both,Authentication,✅ Complete,100,9,4,2,High,Done,Flask-Login,Critical,Production-Ready,Low,User registration with validation
10,Role-based Access Control,Both,Authorization,❌ Missing,0,10,7,3,Critical,High,"Frontend, Backend",Critical,Not Started,High,RBAC framework needed
11,CSRF Protection,Backend,Security,❌ Missing,0,10,5,3,Critical,Medium,Flask-WTF,Critical,Not Started,High,Not implemented
12,Secure Cookies,Backend,Security,⏳ Partial,50,9,4,3,Critical,Medium,None,Critical,Basic Setup,High,Basic implementation needs hardening
13,CORS Configuration,Backend,Security,⏳ Partial,40,9,4,3,Critical,Medium,Flask-CORS,Critical,Basic Setup,High,Basic setup needs whitelisting
14,Rate Limiting,Backend,Security,❌ Missing,0,8,6,4,High,Medium,Flask-Limiter,High,Not Started,Medium,Not implemented
15,HSTS Headers,Backend,Security,❌ Missing,0,8,3,4,Critical,Low,Flask-Talisman,Critical,Not Started,High,Security headers missing

# Frontend Features
16,Protected Routes,Frontend,Authorization,⏳ Partial,70,9,5,3,High,Medium,Auth Context,High,Basic Setup,Medium,Implemented without role support
17,Toast Notifications,Frontend,UI/UX,✅ Complete,100,7,2,4,Low,Done,None,None,Production-Ready,Low,Implemented
18,Type-safe API Client,Frontend,API,✅ Complete,100,9,4,2,High,Done,TypeScript,Medium,Production-Ready,Low,Axios with TypeScript
19,RTL Support,Frontend,Internationalization,❌ Missing,10,8,6,5,Medium,High,i18n,None,Basic Setup,Medium,Basic config only
20,Shadcn UI Components,Frontend,UI/UX,❌ Missing,0,7,5,6,Medium,Medium,Tailwind,None,Not Started,Medium,Not integrated

# Testing Infrastructure
21,Backend Unit Tests,Backend,Testing,⏳ Partial,40,9,6,3,High,Medium,pytest,Low,Basic Tests,Medium,"Basic tests present, coverage < 80%"
22,Frontend Component Tests,Frontend,Testing,⏳ Partial,40,9,6,3,High,Medium,Vitest,None,Basic Tests,Medium,"Basic tests present, coverage < 80%"
23,E2E Testing Setup,Both,Testing,❌ Missing,0,8,7,7,Medium,High,"Cypress/Playwright",None,Not Started,Medium,Not implemented
24,Coverage Reports,Both,Testing,⏳ Partial,50,8,4,3,High,Medium,"pytest-cov, vitest",None,Basic Setup,Medium,Basic setup needs thresholds

# DevOps & Deployment
25,Docker Backend,DevOps,Containerization,✅ Complete,100,9,4,4,High,Done,Docker,Low,Production-Ready,Low,Dockerfile present
26,Docker Frontend,DevOps,Containerization,✅ Complete,100,9,4,4,High,Done,Docker,Low,Production-Ready,Low,Dockerfile present
27,Docker Database,DevOps,Containerization,❌ Missing,0,8,5,5,Medium,Medium,Docker,Low,Not Started,Medium,Not in docker-compose.yml
28,Docker Networking,DevOps,Architecture,❌ Missing,0,8,6,5,Medium,High,Docker,Medium,Not Started,High,Missing inter-container networking

# Configuration & Environment
29,Backend Config System,Backend,Configuration,✅ Complete,100,9,3,1,High,Done,python-dotenv,Medium,Production-Ready,Low,Environment variables managed
30,Frontend Config System,Frontend,Configuration,✅ Complete,100,9,3,1,High,Done,Vite,None,Production-Ready,Low,Environment variables managed
31,Development Scripts,Both,DevOps,✅ Complete,100,8,2,1,High,Done,Bash,None,Production-Ready,Low,All essential scripts working

# Documentation
32,Installation Guide,Documentation,Documentation,✅ Complete,100,9,2,1,High,Done,None,None,Production-Ready,Low,Comprehensive guide
33,Architecture Documentation,Documentation,Documentation,✅ Complete,100,9,2,1,High,Done,None,None,Production-Ready,Low,Both frontend and backend
34,API Documentation,Documentation,Documentation,❌ Missing,0,8,4,6,High,Medium,OpenAPI,None,Not Started,Medium,No Swagger/OpenAPI docs

# Quality & Tooling
35,ESLint Configuration,Frontend,Code Quality,❌ Missing,0,7,3,7,Medium,Low,ESLint,None,Not Started,Medium,Not configured
36,Prettier Setup,Frontend,Code Quality,❌ Missing,0,6,2,7,Low,Low,Prettier,None,Not Started,Low,Not configured
37,Git Hooks,Both,DevOps,❌ Missing,0,7,4,7,Medium,Medium,husky,None,Not Started,Medium,No pre-commit hooks

# Additional Features
38,First Admin Creation,Backend,Setup,❌ Missing,0,8,4,4,High,Medium,None,High,Not Started,High,Missing initial admin setup
39,Error Boundaries,Frontend,Error Management,❌ Missing,0,8,4,5,High,Medium,React,Medium,Not Started,Medium,Not implemented
40,Logging System,Backend,Monitoring,✅ Complete,100,8,3,2,High,Done,None,Medium,Production-Ready,Low,Configured with rotation
